35.4125064,14.2416,358.6225,40270,318.2924,276.6570,1.0027840
36.0853827,13.0454,006.5645,03831,324.3806,266.4033,1.0027088
35.5410481,13.9775,007.0624,03277,300.2519,055.0264,1.0027546
35.2416852,14.2922,011.9029,25476,352.7477,048.4928,1.0027248
35.3580561,14.0052,015.0165,05151,044.9209,156.9783,1.0027582
35.6117965,11.2410,016.1954,02067,332.7736,034.1589,1.0027510
35.4428549,13.9218,052.6107,02620,247.2567,314.8428,1.0027307
35.4479673,08.9233,043.0049,03849,275.1969,264.1391,1.0027158
35.5474365,14.5329,013.1242,01326,024.3094,197.2621,1.0027243
34.7490654,09.8876,021.6168,02715,333.3151,220.3147,1.0026900
35.5130453,11.1332,032.1643,08107,325.0003,215.1661,1.0027300
35.8930325,14.2194,005.7074,30229,018.2324,156.7002,1.0027756
35.4960116,11.3133,031.0336,01883,262.2207,123.2800,1.0027000
35.5116035,13.1404,021.0550,02466,323.6358,243.5912,1.0027023
35.5900798,05.8124,062.9959,05669,259.4334,088.6932,1.0027387
35.7585274,00.0940,293.4948,04786,016.7760,141.4610,1.0027326
35.5845788,09.1026,042.3664,05862,298.4142,256.3470,1.0027105
35.6105175,04.6186,072.7096,06642,264.8410,354.9450,1.0000309
32.5174946,03.6280,079.6811,03337,222.8960,243.9904,1.0027396
35.7852216,05.3337,066.9864,04785,257.7262,270.4374,1.0027265
35.5174071,06.1176,061.0829,05350,259.9508,274.5111,1.0027082
35.5470674,08.8515,043.7808,04070,306.7455,044.2148,1.0027137
35.2842800,13.5008,020.9184,01201,282.0622,301.5375,1.0026256
35.5408736,01.6099,091.5972,03453,225.3391,044.7731,1.0027151
35.1481371,05.4379,066.3112,01961,250.9910,092.7767,1.0027034
36.0671598,02.4932,086.7675,03215,233.4779,126.6022,1.0027117
35.7597487,05.7010,064.5025,04199,246.9358,146.9293,1.0027136
35.5480383,10.0640,036.9608,08630,286.2638,256.4740,1.0027484
35.5469801,04.3271,074.0006,04206,236.5848,083.7563,1.0027000
35.4158860,04.5290,070.9055,04772,239.7047,279.1416,1.0027434
35.7838258,08.5304,033.3252,04780,292.9292,261.8666,1.0027057
36.0706327,01.3106,094.6581,03044,214.4961,310.9194,1.0026735
35.6282039,04.3103,074.8589,02198,300.0596,122.7333,1.0013975
35.1751803,10.8009,021.8810,03495,307.6630,226.0733,1.0027165
35.5774516,04.5041,073.2915,03504,247.7547,168.5454,1.0027196
35.5170582,00.7796,095.4049,05358,224.3222,274.0076,1.0027053
35.6074403,00.6574,096.2431,03390,217.2441,155.5315,1.0027329
35.5659976,00.0626,290.9171,01505,013.0044,193.0304,1.0027276
35.5125219,03.0037,084.9236,07847,237.8136,246.7044,1.0027253
35.5324366,00.1102,278.9834,02887,026.3647,245.5636,1.0027258
35.2851279,07.7149,036.0435,03718,317.9529,220.2798,1.0027564
35.4439544,00.9003,098.7500,00253,032.4449,069.5780,1.0027189
35.7138626,08.2078,047.3960,02357,306.6346,217.4692,1.0027498
35.5136869,03.7176,077.9832,04410,235.2000,110.8971,1.0027106
35.6921553,11.4364,027.3952,01136,231.3223,319.2521,1.0028216
35.4721316,03.0872,081.9752,04336,224.6485,045.5086,1.0027391
35.5521271,09.0232,048.4810,17522,298.1306,075.5932,1.0026696
35.3456982,05.4261,066.5141,04494,259.3126,276.4452,1.0010721
35.5160113,03.6941,079.3686,03225,239.0479,269.4619,1.0027157
35.2785659,04.2242,074.6376,05234,235.6759,303.4563,1.0027419
35.5177332,01.0488,097.4831,02057,231.2527,177.5716,0.9913627
35.4976046,00.0582,279.6247,02454,024.7820,184.8370,1.0027139
35.4967815,07.6782,050.6403,01668,260.9494,135.7783,1.0027383
35.8706320,00.0632,281.2206,02611,051.8790,031.8402,1.0026980
36.1556625,02.6228,087.3823,05271,213.8844,313.7783,1.0027341
35.5656486,02.4132,087.0363,01541,299.2047,108.6548,1.0027081
35.1502344,00.0240,128.4658,00572,196.3112,115.7559,1.0027228
35.7553869,05.5234,065.4134,01789,246.0069,123.5854,1.0053577
35.7219755,00.3453,096.7282,02723,196.9899,321.5082,1.0027078
35.4194465,09.1995,031.1736,02076,339.8291,046.6113,1.0053974
35.5796064,01.6539,089.7380,05366,225.1838,255.0627,1.0027409
35.5438396,03.5891,079.8893,02447,238.2531,059.2921,1.0027424
35.7186898,01.5915,091.5277,00373,067.1360,086.8457,0.9919712
35.2984110,02.5173,086.5264,03168,221.3064,317.1915,1.0027028
35.3808828,10.6430,031.2490,01082,316.2409,234.3111,1.0028011
35.4074378,00.3027,098.5711,04939,235.5206,304.6035,1.0006452
35.3882106,00.7590,094.3445,05209,230.9199,295.9831,1.0027166
35.2772230,08.6344,032.4750,02659,284.0665,296.1495,1.0027637
35.5823979,00.0370,276.2321,01769,038.7216,270.1303,1.0028838
35.7437845,01.1428,094.7418,02918,224.2148,053.6547,1.0027170
35.5217689,07.2144,068.6798,26521,269.4224,281.3923,1.0027955
35.6067459,02.5957,086.3347,01382,198.2076,185.2268,1.0013465
35.5887662,05.6543,064.1769,03180,247.5041,307.6828,1.0027164
36.1198551,01.9741,089.8573,01321,269.6711,146.8273,1.0027026
35.3867276,03.9397,077.6075,02591,236.7845,298.8179,1.0027209
35.5123474,00.0162,089.4924,03480,229.4931,249.4639,1.0027143
35.0248005,00.9621,095.7629,02666,203.5777,178.7371,1.0027228
35.4854787,07.6259,050.9023,00975,265.7409,108.6255,0.9959578
35.5871087,00.0135,020.9442,01740,304.6588,284.8928,1.0026711
35.4074378,00.2539,098.6545,05610,216.5719,320.4692,1.0027205
35.4896661,06.3968,059.6778,03883,340.6235,046.0189,1.0027530
32.2403699,06.4856,054.6778,00973,243.7563,320.3067,1.0027303
36.1556625,00.0083,131.6737,02522,211.9415,271.3034,1.0027125
35.5483392,00.7573,095.0185,07397,229.0473,247.4012,0.9975606
35.3732191,06.6745,054.2419,09415,272.9743,130.0632,1.0026712
35.5887662,00.1082,276.2933,04399,011.1459,331.9172,1.0027357
35.5634677,04.0547,076.7868,09273,325.4045,080.8548,1.0027071
36.0317454,00.0069,002.4014,02730,319.6346,156.5186,1.0027049
35.1495329,06.3942,059.5900,03152,302.0602,056.0569,1.0026915
35.1514521,08.8635,045.7788,02208,271.5572,110.9548,1.0027372
35.5324366,01.1787,093.8364,02031,228.2861,234.6970,1.0027376
36.1666147,00.0321,253.9885,02580,079.0936,259.8470,1.0027342
35.5153135,01.5981,093.7074,03117,218.0320,272.6875,1.0027102
35.6866449,05.7832,032.5616,04795,284.9546,107.9572,1.0027068
35.4935917,01.1023,096.0674,05170,218.8323,152.5881,1.0027095
35.7255522,00.0307,104.2027,02897,211.4524,318.8814,1.0027186
36.0741028,05.6199,065.1092,00860,325.3663,088.4449,1.0027707
35.5324366,00.0124,256.1395,01544,124.4712,178.1720,1.0027300
35.5669571,00.5344,096.5808,03531,215.3002,189.8719,1.0027190
35.5494227,05.9055,037.2166,06545,296.5492,073.7564,1.0027122
35.5257664,08.9933,039.9875,00523,304.9501,065.7554,1.0026836
35.5956310,00.2157,098.2992,05196,223.4652,087.8271,1.0027313
35.4616068,00.0649,019.4304,03972,277.3364,010.4639,1.0027148
35.5213278,00.0476,271.9935,03333,052.0363,238.7116,1.0027304
35.5799553,00.0629,282.8410,02940,024.1698,264.9706,1.0027087
35.4671581,00.0164,089.7523,03104,223.7231,347.7837,1.0027198
35.5480383,00.0111,047.0371,00305,213.9336,319.3968,1.0027148
35.6569847,00.0162,013.9362,02918,298.9121,312.8813,1.0027147
35.5174071,00.0390,291.0439,02892,009.6093,294.7474,1.0027163
35.4550334,00.7055,095.7842,02896,222.0482,302.5944,1.0027240
35.5468607,00.0186,098.8424,06142,231.9117,029.1948,1.0031640
35.9220215,00.0053,145.5314,00545,211.8455,024.0113,1.0026770
35.5629443,03.1281,025.9040,02932,291.2208,163.2105,1.0027243
35.5667827,01.3452,093.4834,06929,236.5675,171.1425,1.0027201
35.7196202,00.8022,094.8516,03574,000.1961,147.6245,0.9932980
36.0641358,00.0149,098.3226,03242,210.0959,108.5780,1.0027234
35.5883300,00.0199,080.4965,01779,246.5722,289.9091,1.0027098
35.9004231,01.5206,091.6581,00794,186.4641,283.5391,1.0027082
35.5581463,00.0172,081.8360,02491,230.5636,142.1816,1.0026860
36.1337842,00.0535,284.9245,02652,027.1247,105.8505,1.0027245
35.5268823,00.0161,001.0253,02444,342.6939,232.7926,1.0027119
35.7231968,00.0410,263.5635,01670,053.6290,304.4692,1.0027249
35.4719572,00.0230,094.6859,02663,223.0074,033.2791,1.0027387
35.6906578,02.9683,028.8201,02986,288.3508,129.6750,1.0027119
35.4352148,00.0211,110.8261,01248,316.3294,020.5616,1.0027096
36.0657432,00.0023,205.2786,00346,144.2186,069.7675,1.0027261
35.3039681,04.1412,070.6385,00714,348.6294,187.7978,1.0027976
35.7527272,00.0665,000.0268,06216,317.7646,261.5509,1.0027329
35.5123474,00.0384,293.3460,01743,009.5760,265.4527,1.0027074
35.8970583,00.0852,265.7923,02459,035.7659,300.8878,1.0027150
34.7127915,00.0636,261.5078,05112,028.1978,070.2227,1.0027005
36.0553560,00.0345,175.4437,04196,127.6685,224.4559,1.0027184
35.7042666,00.0423,260.6146,01506,102.0164,157.2675,1.0027201
35.3963264,00.0639,268.3649,04396,007.8685,019.6270,1.0027329
35.5900798,00.3632,093.6588,08662,179.5387,148.5561,0.9997111
35.5213278,00.0105,092.8001,02965,228.4330,247.5566,1.0027202
35.4206330,00.1204,105.1747,05752,211.3883,047.4004,1.0027088
35.6581188,00.0069,092.7817,03080,229.9533,309.4560,1.0027262
35.5367735,00.0606,010.8458,05018,311.0343,018.4767,1.0027104
35.7751895,00.0082,243.9450,02566,082.2166,215.2888,1.0027073
35.4074378,00.0143,100.2379,03673,220.1309,315.1226,1.0027189
35.6074403,00.0090,125.0843,00939,148.5132,192.3546,1.0027007
35.5720220,00.0225,135.8024,03187,175.5747,287.5302,1.0027170
35.7815577,00.0509,271.2413,03604,045.1811,259.3250,1.0027021
35.8123001,00.0026,107.8930,00427,215.4144,348.2249,1.0027240
35.3907722,00.0645,318.0644,05847,005.1459,337.4700,1.0027662
35.4403777,00.0111,117.0153,01722,200.4227,223.9641,1.0027216
35.5379938,00.0519,271.5844,00993,079.7712,197.4619,1.0027139
35.5525632,00.0276,178.5302,00470,125.6877,120.3557,1.0026959
35.5845228,00.1253,100.7331,08847,182.6994,144.2038,1.0027099
35.5533483,00.2568,083.7149,03317,236.3094,108.5163,1.0026963
36.0624929,00.0186,089.7447,02534,225.9026,082.8065,1.0027073
35.3963264,00.0748,291.0543,05229,016.0178,348.7969,1.0027238
35.5161858,00.0255,340.5248,03243,358.1167,250.3133,1.0026980
35.6074403,00.0220,102.0485,03486,197.6635,168.7022,1.0027064
35.4420352,00.0091,275.6500,00241,063.0676,211.7203,1.0027046
35.5871959,00.0028,119.1332,00185,190.9338,300.5727,1.0027085
35.6074403,00.0576,238.2802,02975,029.8379,194.6266,1.0027213
35.4721316,01.0201,094.5748,09221,189.7381,067.5690,1.0027041
35.5646018,00.0541,276.3484,03777,036.4755,176.6067,1.0027123
36.0740876,00.0142,087.5658,01876,249.8295,140.9798,1.0026897
35.4616068,00.0168,103.1175,00865,236.7142,326.3762,1.0026809
35.5213327,00.0151,086.9018,03083,229.6186,300.2816,1.0027082
35.5391289,00.0691,023.3624,04340,296.7931,033.1511,1.0027311
35.4616068,00.0185,348.9343,03173,318.3100,357.8065,1.0027152
35.5845228,00.0075,042.8663,03131,281.9973,104.5965,1.0027088
35.5539590,03.7682,007.5570,05019,301.1249,123.4082,1.0027078
35.6253180,00.0352,248.0721,00532,133.7194,074.0407,1.0027007
35.4074378,00.0375,254.1804,02570,059.4261,326.3345,1.0027165
34.2456176,20.7510,049.2502,42233,354.1498,195.8930,1.0027486
35.6581188,00.0007,078.2271,00331,255.2339,298.5252,1.0027219
35.5158369,03.6221,010.3971,02277,309.2207,267.3569,1.0027201
35.5606762,00.0472,280.6380,01492,057.8219,129.4888,1.0027160
35.5203731,00.0226,182.9955,01529,139.4109,289.0521,1.0027013
35.7656807,03.8350,073.0880,35936,251.8193,165.1471,1.0027092
35.4074378,00.0530,266.7811,02269,075.7496,294.0386,1.0026951
35.5322630,00.0053,048.2419,03068,271.3085,243.1993,1.0027302
35.8998222,00.0339,256.2520,04943,072.2784,222.1127,1.0026977
36.0317454,00.0592,014.1937,03028,277.1380,196.8771,1.0027109
35.7580912,00.0299,081.4221,03586,252.1016,115.7329,1.0027116
35.4562547,00.0345,251.2100,02729,041.0631,334.5452,1.0027289
35.3907722,00.0529,042.9498,04304,310.0825,307.6305,1.0027128
35.5123474,00.0132,163.2364,02818,152.7828,252.5523,1.0027153
35.7066220,00.0113,133.6484,01775,186.7688,212.2280,1.0027330
36.1337842,00.0347,299.0658,02690,012.6185,106.3033,1.0027164
35.6583805,03.1070,011.5712,02882,302.0923,319.6381,1.0027172
35.4462225,00.0140,072.1370,02370,253.1673,247.3902,1.0027217
35.6585550,00.0161,087.0339,03670,242.8695,304.4445,1.0027145
35.5188029,00.0429,275.9318,01583,036.0853,290.8839,1.0027004
35.4560467,00.0192,122.6713,00448,141.9849,052.7483,1.0027206
36.1321321,00.0187,115.1263,03290,204.9989,093.3424,1.0027139
36.0553560,00.0466,045.1338,03048,293.4290,189.0006,1.0027133
36.1620319,00.0760,299.5083,02558,350.4171,311.2843,1.0027235
35.8442188,04.0640,068.8710,04822,282.6141,173.4983,1.0026572
35.3883851,00.0329,258.5161,00109,173.3254,190.9704,1.0027197
35.5039668,00.0567,285.2220,02259,026.6538,186.7419,1.0027293
35.3407710,00.0557,354.5033,04697,317.4658,337.7796,1.0027791
35.4550334,00.0155,089.3821,02836,209.8943,321.0467,1.0027325
35.4616068,00.0670,358.4837,05293,321.3902,350.3640,1.0027355
36.0051247,00.0153,082.3888,01625,233.0143,241.2624,1.0027088
36.0817443,00.0135,074.5282,02165,200.7158,357.1198,1.0027124
35.5525632,00.0572,250.3201,02514,036.5847,137.6746,1.0027293
35.5853640,00.0146,080.0469,10786,156.3504,004.3571,1.0027244
36.0254962,00.0150,024.3621,00554,349.8752,043.4260,1.0027097
35.6557634,02.5024,012.7364,02807,308.8070,297.7800,1.0027176
35.5543952,00.0593,271.0136,01265,035.0538,128.1573,1.0026858
35.4962088,00.0799,265.6833,01557,068.5018,147.4455,1.0027096
35.4936789,00.0455,325.3670,04332,359.0993,143.3756,1.0027218
35.3141552,00.0517,099.9772,02610,240.1183,019.8778,1.0027080
35.5198497,00.0113,080.2121,02784,245.4286,282.9341,1.0027133
35.5221179,00.0305,206.2226,01069,067.6524,347.2165,1.0027088
35.7622785,00.0471,109.6853,02707,217.9257,144.1490,1.0027228
35.5956310,00.0552,281.3852,03067,036.5734,087.6701,1.0027118
35.4074378,00.0345,251.5511,01977,055.6353,332.6464,1.0027241
35.5372964,00.0082,134.3519,02832,184.3149,323.9171,1.0026945
35.5727132,00.0687,032.9108,04846,282.2171,061.1327,1.0027431
35.6948451,00.0163,083.4841,02384,239.4553,146.6525,1.0027202
35.4727150,00.0159,085.8252,01215,222.9316,343.5051,1.0027030
36.0660803,00.0445,254.3499,00235,099.7721,061.5234,1.0027145
35.4914666,01.3765,015.8256,01967,139.8429,295.3241,1.0026767
35.6948451,00.0422,244.8555,02625,094.2895,130.2966,1.0027105
31.2784871,30.0923,123.6570,00326,010.8737,353.5008,1.0026931
35.5191518,00.0188,083.6381,02274,227.7610,293.4216,1.0027154
35.5324366,00.0559,261.5870,00820,226.7108,069.3860,1.0027987
35.4636900,00.0189,089.6715,02878,221.9135,230.5400,1.0027122
36.0641358,00.0325,289.9405,02757,017.0968,109.7178,1.0027162
36.1651106,00.0280,039.8263,02988,268.2859,269.5742,1.0026902
35.5368607,00.0116,076.3142,01913,233.3442,030.9346,1.0026952
35.3907722,00.0563,108.4588,00727,174.0111,018.1797,1.0027093
35.5598910,00.0209,163.0186,01152,140.7844,160.0743,1.0027240
35.5404374,00.0543,028.6414,01479,311.3494,019.1964,1.0027616
35.5220306,00.0503,267.2863,02055,039.8854,313.2194,1.0027421
35.3485108,54.1572,184.2336,86296,231.8354,318.0437,1.0024678
35.4074378,00.0555,222.4510,04294,113.1267,298.1011,1.0027326
35.7272155,00.0082,095.2497,05921,217.9865,085.7743,1.0027248
36.0379923,02.4307,100.2233,02882,238.5258,173.5340,1.0027249
35.6310756,00.0395,126.4272,01355,092.4101,267.6658,1.0027302
35.6491094,41.5143,145.4957,759478,270.5808,088.6398,1.0025308
36.0254962,00.0266,087.3944,01744,317.3518,013.8658,1.0026905
35.6998176,00.0634,304.9499,04727,017.8277,173.3096,1.0027096
35.5662593,00.9232,052.6864,05402,172.3820,272.9597,1.0027210
36.0641358,02.2214,354.2980,02053,345.8561,076.3303,1.0027193
35.5595421,00.5464,099.4561,03551,234.6119,127.9721,1.0026810
36.0199364,00.0576,282.9295,02309,022.0344,117.8443,1.0027290
35.5900798,00.0313,238.1968,02333,091.2639,083.1572,1.0027179
35.4358549,51.7005,299.9340,72646,210.1939,256.6958,1.0030297
35.4616068,00.0135,025.7014,00612,343.3647,300.1373,1.0027343
35.4565164,00.0152,125.2851,02444,212.2901,290.8489,1.0027047
35.6074403,00.0255,208.9729,01836,130.0348,129.9106,1.0027084
35.4856532,59.1008,062.9599,48199,206.3501,157.1809,1.0029692
35.5408736,00.0393,249.7801,01041,294.4177,177.4576,1.0027119
36.0049417,00.0058,072.5210,02503,224.5488,251.8169,1.0027058
35.9124823,02.2087,338.3555,01644,343.9959,206.8481,1.0027233
35.5217689,00.0419,295.9135,02103,095.2998,227.7394,1.0027228
35.5956310,00.0147,104.5369,08056,178.4385,120.7343,1.0027135
35.5257664,00.0167,101.3806,01523,231.1543,078.8724,1.0027292
35.6074403,00.0762,267.3188,02533,301.8148,254.2917,1.0027246
35.7838258,02.8129,074.1924,11214,127.3076,026.0005,1.0027248
36.0870429,00.0250,101.4138,07569,346.7863,160.8492,1.0027040
35.5720220,00.0514,282.4423,02598,034.3284,280.3236,1.0027151
35.7669021,00.0430,241.5930,00592,119.9363,135.4137,1.0027013
35.3504355,54.4297,186.6508,66983,224.0109,305.4321,1.0027794
35.4560467,00.0372,027.1471,04220,327.9199,322.3620,1.0027081
35.6998176,00.0453,271.9476,00593,100.7085,123.5356,1.0026960
35.4700380,00.0356,221.1188,03210,097.2744,022.8869,1.0026954
35.9010244,00.0687,273.3598,03475,079.1733,236.1287,1.0027579
35.4727150,00.0633,108.6757,01995,219.3674,322.7210,1.0027248
36.0254962,00.0540,277.8363,02679,027.8968,111.0866,1.0027190
36.0553560,00.0706,044.5561,02386,263.5790,226.4492,1.0027000
35.4074378,00.0598,010.0397,04448,209.5244,053.8467,1.0027160
36.0671598,00.0222,351.8776,02899,325.9236,124.0473,1.0027192
35.8239794,00.0245,089.9453,02724,243.6910,277.4445,1.0026999
36.0519996,00.0651,015.5270,04468,301.1012,212.7208,1.0027138
35.5943747,00.0260,090.3549,02751,224.0345,278.7056,1.0027041
36.0817443,00.0598,270.8122,01931,033.2260,325.5731,1.0027276
35.4365865,51.7929,299.5031,63524,213.3828,233.4291,1.0028531
35.5675678,02.9663,119.4473,02189,216.7464,169.1379,1.0027195
35.6011880,00.0087,113.4255,03989,276.3585,003.3362,1.0027287
35.8448896,01.7580,083.4682,02721,017.1517,090.1713,1.0027400
35.8518809,00.0148,085.4724,00345,217.8349,226.1992,1.0027095
36.0746288,00.0136,033.5372,01928,288.7603,177.2330,1.0027334
35.7919075,01.8743,069.3818,08304,280.2337,128.5836,1.0027056
35.5142666,02.5518,002.9153,58335,004.8580,211.4873,1.0027158
36.0893514,00.0072,024.8933,02563,306.9349,267.1198,1.0027133
35.5899062,00.0144,106.3524,02511,217.2461,099.4779,1.0027231
36.1620319,00.0248,098.8571,03012,213.2788,288.5710,1.0027381
35.5208966,01.8254,041.4295,02934,306.8844,265.8369,1.0027320
35.5590187,00.0179,109.9995,02336,239.2200,110.2182,1.0027038
35.5605889,00.0592,279.0129,02375,047.3578,141.4505,1.0027111
35.5161858,00.0170,055.4700,02416,243.2629,290.1060,1.0027271
35.6974622,00.0276,155.4426,01655,211.5294,116.6623,1.0027313
35.5673933,00.0170,085.9304,03199,236.0331,182.4747,1.0027231
36.0644373,00.0183,091.3033,01943,221.1711,098.2826,1.0027137
35.4616068,01.0104,358.9061,00740,284.3307,026.5250,1.0027217
35.4616068,00.0460,099.0967,02200,204.0299,002.1048,1.0027159
35.7537294,00.1051,257.6119,05588,089.6072,078.8951,1.0027601
35.2560498,00.0177,108.0891,02957,072.5438,113.9025,1.0027130
35.5782705,00.0434,268.1649,01962,046.4451,058.7757,1.0027356
35.9310594,00.0038,080.3674,00942,080.5308,250.8171,1.0026952
36.1654115,00.0979,250.7045,03672,009.0967,322.7069,1.0026991
36.0870429,00.0575,112.7405,01068,217.2109,279.0572,1.0027117
36.1417315,00.0205,088.5474,02076,230.2873,173.9487,1.0026834
35.8930325,01.6213,083.7749,06048,223.7208,232.4828,1.0027002
36.1736010,05.4741,068.5087,03217,242.3052,230.1900,1.0027190
35.4990003,00.0143,157.9793,01466,080.5388,258.1846,1.0027091
35.5193263,00.0166,316.8650,02241,004.4054,284.8197,1.0027062
35.4560467,00.0650,014.1231,02198,300.9396,004.7362,1.0027112
35.5220306,00.0159,097.9710,01911,213.4970,309.0937,1.0027181
35.5257664,00.0141,103.1538,02532,212.4513,095.3130,1.0027260
35.7229971,00.0616,011.7941,02964,234.4530,218.8472,1.0027094
36.0050027,00.0191,101.0563,02703,228.6211,221.6391,1.0026816
36.1626332,00.0781,009.2676,04134,296.8050,299.9695,1.0027066
36.0618910,00.0157,093.3420,01845,205.8309,102.9671,1.0027128
34.7503379,04.0279,331.1549,04193,354.8112,263.1283,1.0026878
35.5221179,00.0526,254.0134,03273,030.9494,336.1540,1.0027237
35.5434907,00.0217,306.9675,01965,030.3980,038.4208,1.0027084
36.1663144,02.2795,338.4253,02183,334.3105,262.4949,1.0027242
36.1334828,00.0403,280.1242,02991,036.5385,109.3120,1.0027163
35.5268823,00.0434,267.0371,03106,032.7701,276.7002,1.0027198
35.8445237,00.0239,084.0811,03065,228.3860,223.9987,1.0026936
36.0607677,00.0602,330.4313,05653,007.9356,185.1572,1.0027186
35.5238626,00.0122,102.3924,00373,198.8091,329.0217,1.0027221
36.0698536,00.0565,283.9004,02351,022.5111,172.9089,1.0027019
35.7605338,30.5858,098.9262,20423,191.6634,172.5944,1.0027558
35.4990003,02.7008,352.6214,52741,181.9548,322.1114,1.0027246
35.6828066,02.3811,021.5008,02350,288.7848,094.6714,1.0027219
35.4789360,00.0138,323.9097,01073,003.5125,061.1662,1.0027189
36.1318317,00.0139,083.5712,00286,185.7088,137.7291,1.0027266
35.7547763,00.0511,353.3412,02057,310.1921,128.0441,1.0026895
35.5490738,00.0163,094.9332,08324,197.5624,113.3236,1.0027206
36.0900922,00.0623,271.7884,01946,085.9749,234.3630,1.0026990
35.6074403,00.7512,333.3705,07652,336.3977,154.0721,1.0026524
36.0498020,00.0565,003.5005,02574,292.0498,245.5268,1.0026822
35.5213278,00.0180,075.3008,00716,058.8420,071.4943,1.0026997
36.2229205,00.1192,104.1147,04285,218.8284,287.4372,1.0026990
35.9032009,00.0623,263.3283,01360,076.1043,215.2393,1.0027271
36.0903931,00.0174,086.1551,00329,227.9528,275.7328,1.0027037
36.0254962,00.0557,275.6943,03227,050.9145,090.0088,1.0027181
35.7776321,00.0545,256.9268,01067,061.5146,235.9171,1.0027176
35.6208690,00.0630,265.0352,04114,032.7938,133.9110,1.0027186
36.0917348,00.0779,117.2182,00280,203.4130,285.5207,1.0027302
35.3574542,04.8216,337.6233,01436,269.1717,334.9347,1.0027563
35.5900798,00.0329,275.0544,04059,069.0126,077.4788,1.0027167
35.5418332,00.0245,095.6708,01551,223.3615,047.9887,1.0027270
35.5427056,00.0845,273.1608,04618,025.0573,073.2915,1.0027423
35.7608828,00.0534,256.2918,00547,013.8904,194.0988,1.0027236
35.5622464,00.0409,257.7251,00054,060.5765,158.1273,1.0027214
35.5195880,00.0521,066.4672,02767,254.6689,286.0787,1.0026738
35.5406119,00.0289,352.3077,03896,323.9429,044.0094,1.0027406
34.7556865,28.8479,279.4115,18044,181.3989,359.6807,1.0027348
35.6249691,00.7542,315.7102,02939,043.2095,094.9555,1.0026782
36.0897912,00.0235,160.5475,00155,253.1364,171.8227,1.0027155
36.0379923,00.0707,044.0504,02997,191.9925,275.3603,1.0027171
22.0152778,00.1488,089.3604,02955,280.8669,194.6941,1.0027767
35.4979069,00.2515,099.5341,00804,288.5454,194.3368,1.0009638
35.4074378,00.0444,266.9220,01804,034.9697,334.9202,1.0027233
35.5029271,00.0409,268.2823,00842,025.8992,140.8920,1.0027182
35.7807726,00.0562,051.4792,02609,243.3953,276.5873,1.0027412
35.7884931,00.0368,332.1781,02532,004.0250,173.5377,1.0027199
35.7229971,00.0307,114.0486,02042,168.9693,182.1769,1.0027157
35.5623336,00.0345,197.9027,01064,104.1554,175.2194,1.0027245
35.5266089,01.8634,188.4030,18439,012.8582,205.4481,1.0027336
35.4436055,00.0164,087.1609,01711,033.1754,078.3578,1.0027075
36.0671598,00.0522,257.0761,01550,039.8799,150.0799,1.0027118
35.7602721,00.0456,255.0343,00367,176.1539,029.8486,1.0027347
35.5956310,00.0568,274.2099,02999,175.6866,313.7535,1.0027214
36.0657432,00.0151,092.5829,01135,272.8560,053.6532,1.0027135
35.5523015,00.0129,090.3444,00201,171.1245,161.4586,1.0027226
35.5399140,00.0246,009.7281,03307,005.8421,341.1340,1.0027339
36.1032709,01.7678,096.6081,02849,324.6589,209.8376,1.0028208
35.6005858,02.9518,343.8450,51850,181.5543,169.5563,1.0027101
35.4949380,00.0176,084.9816,00131,204.3282,327.9746,1.0027258
35.4074378,00.0210,086.0543,01255,138.5368,053.0976,1.0027103
35.6256220,00.0069,202.3890,00455,247.9389,154.2114,1.0027128
35.6011880,00.0020,117.9194,02847,195.1074,077.5917,1.0027119
34.7477803,28.7480,279.4996,17954,179.5399,055.3155,1.0027685
35.2848962,53.2484,322.7463,34636,194.0977,174.6712,1.0026055
36.0379923,00.0434,255.8865,02665,052.0533,199.7222,1.0027284
36.1626332,00.0127,090.2476,02388,218.9359,296.1298,1.0027123
36.0660803,00.0200,097.1962,00444,282.8406,035.5731,1.0026939
35.4960520,00.0091,002.6003,02177,318.7410,272.5693,1.0027015
35.7498910,00.5906,234.0356,00875,012.0887,159.1581,1.0026020
35.5203731,00.0285,345.7504,03288,356.4586,269.2467,1.0027026
35.4974301,00.0150,078.8451,00112,202.2542,207.0881,1.0027225
35.4155851,00.0176,080.8080,00728,164.7178,342.6218,1.0027080
35.4671581,00.0673,029.7192,01697,295.3823,329.1424,1.0027134
35.8479242,00.0623,270.5840,07669,009.1537,242.0746,1.0027215
35.8239794,00.0175,088.7146,00383,124.4644,037.4690,1.0026957
35.5494227,03.1055,340.7358,58152,359.2518,066.9974,1.0027198
35.5740951,00.0540,117.9835,06755,248.8996,128.9831,1.0027379
36.2284278,00.0422,258.0723,00338,111.6544,193.3315,1.0027146
36.0120321,52.8180,285.7506,47627,183.2367,124.1911,1.0025834
35.4969416,00.0089,071.5114,01988,239.7808,141.9665,1.0026943
36.0254962,00.0475,264.1897,01844,041.7463,116.8656,1.0027132
35.4399415,05.0292,328.2989,03289,004.7788,206.2391,1.0027223
35.7061858,00.0066,124.3664,00582,131.7224,274.4584,1.0027270
35.9129942,00.0478,272.0944,01978,037.4420,203.6274,1.0027436
35.5549186,00.0658,270.8832,01780,050.9468,115.4829,1.0027506
35.5529994,00.0528,268.9717,01456,350.8564,166.9270,1.0027121
35.3907722,00.0622,264.8248,04350,355.7632,040.1162,1.0027623
35.7034815,00.0139,116.5373,02713,174.3263,225.1965,1.0027434
35.6058848,00.0263,089.3587,02534,229.9234,018.0764,1.0027029
35.8500307,01.3031,093.7991,02773,216.0014,212.1634,1.0027079
35.6213052,00.8824,099.6445,01113,248.9651,085.2604,1.0027102
35.7656807,00.0485,114.1876,02870,195.9342,180.1509,1.0027040
35.5414843,00.0159,099.5892,02871,222.9644,042.6178,1.0027352
35.9016269,00.1158,102.0829,02448,120.5083,342.1608,1.0026831
35.5446248,00.0622,283.9314,00641,272.6041,185.1768,1.0027389
35.5664664,28.9368,098.4389,21040,185.0560,166.4593,1.0027528
36.0379923,00.0542,076.6975,05725,223.6748,216.9266,1.0027141
36.1027501,00.0528,267.9567,00820,105.5861,266.4570,1.0027043
35.5213327,00.0519,350.8101,02277,324.1186,301.6695,1.0026943
35.7561720,02.3468,227.2873,19851,177.1565,034.5158,1.0026963
35.4019575,56.8482,061.9466,40284,210.3578,101.9414,1.0028646
35.4883575,02.3784,230.0531,03353,206.2440,003.1355,1.0026822
35.5650380,00.0173,089.4038,02171,213.1790,189.0073,1.0027267
35.6936238,00.0553,050.7637,04272,305.1413,106.6501,1.0027307
34.7109090,00.0255,210.7901,02772,358.4915,084.9153,1.0027130
36.0232343,01.2437,058.6699,07990,357.4534,197.4559,1.0027086
35.5900798,00.0082,103.9115,01354,146.8832,170.5686,1.0026988
35.7701977,00.0035,137.4341,00434,310.0088,207.1971,1.0027100
35.4925449,00.0144,086.7596,02337,225.9038,149.2739,1.0026895
36.0616084,00.0184,087.2237,01774,222.0313,146.2456,1.0027164
35.3716564,07.5315,308.7136,198429,215.3629,358.6972,1.0027192
35.5545696,03.1756,331.9572,06332,017.3011,085.8761,1.0026727
35.7026091,00.0401,093.1434,04853,195.0420,223.0715,1.0027124
30.5534195,00.2295,097.3210,00365,117.8771,144.8209,1.0013695
36.0340955,00.0087,041.5069,00895,308.3886,225.5091,1.0026856
36.1612998,00.0121,034.1439,01832,267.2076,311.4602,1.0027233
35.7644594,00.0444,099.4396,13197,178.7133,205.4370,1.0027182
35.5490738,00.0097,269.2442,00219,298.9267,197.6476,1.0027152
35.5632060,00.0064,058.7708,01761,248.1859,174.7705,1.0027127
35.7777193,00.0429,277.6476,01116,022.2734,255.1791,1.0027071
35.7122338,00.0517,123.6194,02250,195.5605,186.8819,1.0027243
35.5193263,00.0347,089.1423,00659,247.0230,269.7230,1.0027172
35.5845228,00.5357,282.2913,12251,161.2318,338.0729,1.0027064
35.7795513,00.0156,082.4821,00245,273.0838,209.2678,1.0027168
35.9016269,00.0434,056.3183,04264,039.8981,107.5608,1.0027053
35.5867597,00.0182,097.6769,01609,208.0717,302.5836,1.0027163
36.0997993,00.0045,103.6725,01634,207.3532,329.6670,1.0027097
35.5175816,00.0105,265.7859,01789,062.2607,268.3995,1.0027311
36.1032709,00.2071,280.5459,05702,042.1210,316.7521,1.0026889
35.8289631,04.0624,311.9207,01984,359.4967,322.0421,1.0027224
35.4553823,00.0213,305.6852,00960,006.5503,309.7682,1.0027192
35.5029271,00.0064,097.8312,02375,213.9224,121.4191,1.0027010
35.5372964,00.0181,085.8456,00530,165.6245,032.9241,1.0026991
35.5208093,00.0183,087.0652,02019,223.7550,302.9019,1.0027201
36.0343964,00.0038,079.3025,00136,220.9856,263.5212,1.0027289
35.5209838,00.0117,076.4746,02735,236.3377,301.9747,1.0026930
35.6281096,00.0610,090.2067,06656,151.9893,228.6828,1.0027336
35.9541870,00.0220,062.2454,01152,222.4277,309.2738,1.0027157
34.8371271,00.0326,303.6773,01906,012.4791,043.8120,1.0027282
35.7818728,00.0871,279.0325,02314,024.1368,209.9731,1.0026976
36.0343964,00.0185,087.4456,00610,175.9995,300.0683,1.0026808
35.9129141,00.0124,077.4728,00721,241.0069,015.5233,1.0027138
33.9848692,43.2160,276.3085,752389,269.8821,081.7075,1.0027684
36.0671598,00.0017,111.2640,00263,194.1492,143.5281,1.0027111
35.4968194,00.0172,101.1885,00201,163.7172,220.0566,1.0027189
35.5438396,00.0923,270.2226,05339,101.5604,006.0368,1.0027299
35.4616068,05.7679,313.3712,02213,010.6600,346.5009,1.0027449
35.5545696,00.0242,154.9436,01468,267.7641,012.4844,1.0026796
35.4074378,00.0165,083.5315,02511,234.4646,324.5899,1.0027270
35.4702124,00.0661,040.6832,04153,298.7308,002.9204,1.0027139
35.5529994,00.1214,276.3476,05415,349.2915,161.1334,1.0027292
35.7922127,00.0427,247.6526,02163,078.5612,058.8677,1.0026976
35.7586146,00.0244,114.0864,00214,256.1363,082.2278,1.0027252
35.2918673,05.7789,330.1893,13105,075.8277,181.5704,1.0027231
35.5596293,00.0548,202.7194,01633,133.1422,126.7694,1.0026741
36.0616084,00.0387,318.7207,05289,359.5596,137.5492,1.0027034
35.7740554,00.0019,216.1324,02696,080.0089,239.0180,1.0027453
35.7949573,00.0169,095.0978,02508,204.4743,103.0158,1.0027206
35.5664664,00.0534,335.5484,03451,033.7967,078.5963,1.0027182
34.2711777,40.8034,013.3746,750839,268.9831,085.4974,1.0029484
35.5268823,00.0153,112.7991,03081,203.7794,262.2782,1.0027174
35.7722234,00.0238,100.9671,01534,167.5501,257.0301,1.0026836
35.4575632,00.0582,322.3010,01941,342.9583,328.7362,1.0027202
35.8917585,05.2096,317.4781,02006,353.6454,283.4055,1.0027153
35.7457037,00.0174,083.9906,02329,236.1298,062.5955,1.0026962
35.5372964,00.0117,049.2695,01223,260.4735,330.3255,1.0027109
35.5379938,00.0253,094.1959,00615,211.0286,245.3877,1.0027042
35.6386338,00.0402,050.8492,04137,302.8512,340.4768,1.0027044
35.8262254,00.0443,261.3127,01276,059.2446,273.3073,1.0027364
36.0743315,00.0677,118.0903,01950,084.9434,284.8743,1.0026989
31.8123027,28.8875,111.7581,21616,185.7083,180.4419,1.0027391
34.0635785,00.0028,117.3097,00343,220.5325,311.8260,1.0027050
35.5598910,00.0279,114.8365,00481,318.0619,030.8747,1.0027148
33.9818159,00.0532,260.8950,01471,185.3976,173.7847,1.0027044
35.5580591,00.0168,096.4011,01419,224.4550,133.3114,1.0027181
35.5532611,00.0191,066.0311,02667,219.7638,142.5340,1.0027102
36.0917348,00.9726,277.7013,01420,234.4850,094.8248,1.0027418
35.5272114,55.0421,183.4724,25459,196.9703,055.4301,1.0025769
35.6771669,00.0116,126.0423,01462,132.4141,056.5991,1.0027280
35.8911575,00.0165,097.4231,01892,267.0564,198.8315,1.0026922
35.8296050,00.0160,087.1804,02141,224.0700,259.8286,1.0027142
35.7587019,00.0161,089.0588,01598,223.2573,140.3087,1.0027190
35.8456317,00.0038,338.2411,00352,274.8583,354.7842,1.0027167
35.5044089,04.1437,311.1908,03960,346.9721,227.4507,1.0027178
35.5631188,02.0631,261.4256,01041,083.3490,136.6609,1.0026946
35.4735274,00.0054,041.4694,03000,246.6726,071.4387,1.0027321
36.0498020,00.0153,093.1010,02227,245.6038,199.6490,1.0027177
35.7752767,00.0057,243.5477,00627,147.8114,150.3826,1.0027063
35.7046611,00.1132,273.1607,04403,157.5424,031.3444,1.0027221
35.7621913,00.1182,276.0984,02270,000.2380,195.2086,1.0027288
35.7229971,00.0230,124.6224,00580,320.1467,019.8403,1.0027143
35.7699860,00.0790,267.2897,05559,335.9895,341.3052,1.0027366
35.6896982,00.4214,274.0708,02360,008.2981,159.2187,1.0026708
35.7756257,00.0219,258.5302,01587,058.5350,226.5217,1.0026875
35.7574806,00.0673,121.7913,02732,034.3631,289.8828,1.0027376
36.0870429,00.0584,273.0526,04857,001.8405,334.1398,1.0027174
35.5634677,00.0119,083.3545,02194,229.0827,170.5942,1.0027088
34.2810481,00.0607,261.1387,03767,012.3238,090.6433,1.0027030
35.5618102,00.0577,099.8411,00941,214.9688,159.4531,0.9930502
35.6220031,02.3212,287.6719,28964,211.9877,298.5246,1.0027145
35.5404374,00.0632,319.9901,04218,341.8911,057.3398,1.0027655
35.4853915,55.3026,062.3935,14960,196.0295,165.7036,1.0027719
36.0917348,01.2868,295.0145,01809,063.8114,248.8890,1.0027263
35.5441013,00.0150,112.5508,02166,207.0024,059.4700,1.0027265
36.0641358,00.0204,085.2826,00045,082.3957,249.2363,1.0026797
36.0607677,00.0063,260.0767,03526,128.3208,135.0994,1.0026972
35.8447066,55.0626,179.5295,12401,183.0760,183.6869,1.0027982
35.5365990,00.0298,140.5797,00640,287.1479,271.5759,1.0026998
35.5782705,00.0101,086.9478,00843,173.6822,112.9031,1.0027044
36.0903931,00.0170,082.1286,00287,257.1327,249.9098,1.0027095
35.5375587,00.0241,096.0417,00741,287.8428,320.7672,1.0027374
35.3142325,06.2504,309.3817,03568,356.0935,207.3511,1.0026997
35.7486697,00.0302,336.1497,01319,034.7387,027.9965,1.0027098
35.7663786,00.0441,253.1354,05966,086.2756,154.4883,1.0027059
35.8006044,58.5877,305.2676,23560,180.3005,044.3918,1.0027193
35.6131922,00.0139,129.3407,02192,176.8735,084.2508,1.0027046
35.8930325,00.0324,206.7702,02077,158.9099,174.0711,1.0027028
35.5642528,00.0083,141.8605,01837,173.8558,171.5899,1.0027066
35.7109838,00.4794,282.2956,03957,039.3372,234.3936,1.0027167
35.7158738,00.0756,290.1214,05166,053.9647,163.1578,1.0026858
